timestamp,cpu_percent,gpu_percent,memory_percent,mem_used_kb,mem_total_kb,disk_percent,cpu_temp_c,gpu_temp_c,top_pids,top_cpu_percent
2026-03-16 20:51:08,3.5,2.0,31.8,10214232,32149000,12.0,46.0,44.0,20025|20023|11269|11199|3625,100.0
2026-03-16 20:51:11,3.5,5.0,31.7,10198816,32149000,12.0,46.0,44.0,11269|11199|3625|11579|11141,38.1
2026-03-16 20:51:14,3.5,11.0,31.8,10209140,32149000,12.0,46.0,44.0,11269|11199|3625|11579|11141,38.1
2026-03-16 20:51:17,3.5,11.0,31.7,10197328,32149000,12.0,46.0,44.0,11269|11199|3625|11579|11141,38.1
2026-03-16 20:51:20,3.5,6.0,32.4,10402652,32149000,12.0,46.0,44.0,11269|11199|3625|11579|11141,38.1
2026-03-16 20:51:23,3.5,5.0,32.4,10411892,32149000,12.0,47.0,44.0,11269|11199|3625|11579|11141,38.2
2026-03-16 20:51:26,3.5,9.0,32.5,10448780,32149000,12.0,48.0,45.0,11269|11199|3625|11579|11141,38.2
2026-03-16 20:51:29,3.5,13.0,32.6,10481164,32149000,12.0,49.0,44.0,11269|11199|3625|20089|11579,38.2
2026-03-16 20:51:32,3.5,12.0,32.6,10465560,32149000,12.0,48.0,44.0,20105|11269|11199|3625|11579,100.0
2026-03-16 20:51:35,3.5,12.0,32.5,10452960,32149000,12.0,47.0,44.0,20108|11269|11199|3625|11579,100.0
2026-03-16 20:51:38,3.5,12.0,32.5,10457964,32149000,12.0,47.0,44.0,20110|11269|11199|3625|11579,100.0
2026-03-16 20:51:41,3.5,12.0,32.2,10356756,32149000,12.0,47.0,45.0,20113|11269|11199|3625|11579,100.0
2026-03-16 20:51:44,3.5,11.0,32.3,10370712,32149000,12.0,47.0,44.0,11269|11199|3625|11579|11141,38.2
2026-03-16 20:51:47,3.5,12.0,32.2,10362172,32149000,12.0,46.0,44.0,11269|11199|3625|11579|11141,38.2
2026-03-16 20:51:50,3.5,10.0,32.5,10461536,32149000,12.0,46.0,45.0,11269|11199|3625|11579|11141,38.2
2026-03-16 20:51:53,3.5,10.0,32.7,10503480,32149000,12.0,48.0,45.0,20152|11269|11199|3625|11579,100.0
2026-03-16 20:51:56,3.5,7.0,32.6,10482820,32149000,12.0,49.0,44.0,20154|11269|11199|3625|11579,100.0
2026-03-16 20:51:59,3.5,7.0,32.5,10452432,32149000,12.0,49.0,44.0,20156|11269|11199|3625|11579,100.0
2026-03-16 20:52:02,3.5,6.0,32.4,10427172,32149000,12.0,48.0,44.0,11269|11199|3625|11579|11141,38.3
2026-03-16 20:52:05,3.5,7.0,32.4,10409388,32149000,12.0,47.0,44.0,11269|11199|3625|11579|11141,38.3
2026-03-16 20:52:08,3.5,7.0,32.5,10436976,32149000,12.0,47.0,44.0,11269|11199|3625|11579|11141,38.3
2026-03-16 20:52:11,3.5,6.0,32.4,10417956,32149000,12.0,46.0,43.0,11269|11199|3625|11579|11141,38.2
2026-03-16 20:52:14,3.5,6.0,31.7,10205276,32149000,12.0,46.0,43.0,11269|11199|3625|11579|11141,38.3
2026-03-16 20:52:17,3.5,6.0,31.9,10263760,32149000,12.0,46.0,43.0,11269|11199|3625|11579|11141,38.2
2026-03-16 20:52:20,3.5,4.0,32.7,10519328,32149000,12.0,46.0,45.0,11269|11199|3625|11579|11141,38.3
2026-03-16 20:52:23,3.5,6.0,32.6,10492036,32149000,12.0,48.0,44.0,11269|11199|3625|11579|11141,38.3
2026-03-16 20:52:26,3.5,8.0,32.5,10444856,32149000,12.0,48.0,43.0,11269|11199|3625|11579|11141,38.3
2026-03-16 20:52:29,3.5,7.0,32.1,10307988,32149000,12.0,49.0,43.0,11269|11199|3625|11579|11141,38.3
2026-03-16 20:52:32,3.5,7.0,31.9,10259576,32149000,12.0,47.0,43.0,11269|11199|3625|11579|11141,38.3
2026-03-16 20:52:36,3.5,13.0,31.9,10249188,32149000,12.0,46.0,43.0,11269|11199|3625|11579|11141,38.3
2026-03-16 20:52:46,3.5,7.0,32.4,10418060,32149000,12.0,45.0,43.0,20211|11269|11199|3625|11579,370.0
2026-03-16 20:54:41,3.6,4.0,31.8,10222076,32149000,12.0,45.0,43.0,20420|20418|11269|11199|3625,100.0
2026-03-16 20:54:44,3.6,2.0,31.8,10208700,32149000,12.0,45.0,43.0,11269|11199|3625|11579|11141,38.7
2026-03-16 20:54:47,3.6,2.0,31.7,10200168,32149000,12.0,45.0,43.0,11269|11199|3625|11579|11141,38.7
2026-03-16 20:54:50,3.6,2.0,31.7,10181108,32149000,12.0,45.0,42.0,20432|11269|11199|3625|11579,100.0
2026-03-16 20:54:53,3.6,1.0,31.7,10188840,32149000,12.0,45.0,42.0,20436|11269|11199|3625|11579,100.0
2026-03-16 20:54:56,3.6,1.0,31.7,10195756,32149000,12.0,44.0,42.0,11269|11199|3625|11579|11141,38.6
2026-03-16 20:54:59,3.6,1.0,31.7,10189148,32149000,12.0,44.0,42.0,11269|11199|3625|11579|11141,38.6
2026-03-16 20:55:02,3.6,1.0,31.7,10202052,32149000,12.0,44.0,42.0,11269|11199|3625|11579|11141,38.6
2026-03-16 20:55:05,3.6,1.0,31.7,10199680,32149000,12.0,44.0,41.0,11269|11199|3625|11579|11141,38.5
2026-03-16 20:55:08,3.6,1.0,31.7,10195044,32149000,12.0,44.0,41.0,20453|11269|11199|3625|11579,100.0
2026-03-16 20:55:11,3.6,1.0,31.7,10196692,32149000,12.0,44.0,41.0,11269|11199|3625|11579|11141,38.5
2026-03-16 20:55:14,3.6,5.0,31.7,10192540,32149000,12.0,44.0,41.0,11269|11199|3625|11579|11141,38.4
2026-03-16 20:55:17,3.6,2.0,31.7,10188216,32149000,12.0,44.0,41.0,11269|11199|3625|11579|11141,38.4
2026-03-16 20:55:26,3.6,2.0,32.6,10482612,32149000,12.0,44.0,42.0,20467|11269|11199|3625|11579,317.0
2026-03-16 20:55:29,3.6,4.0,26.4,8501764,32149000,12.0,45.0,41.0,20467|11199|3625|11141|4448,143.0
2026-03-16 20:55:32,3.6,7.0,27.9,8984616,32149000,12.0,46.0,43.0,20576|20599|20614|20467|20531,136.0
2026-03-16 20:55:35,3.6,9.0,26.9,8635728,32149000,12.0,48.0,42.0,20467|20531|3625|20599|11141,69.9
2026-03-16 20:57:00,3.6,2.0,32.4,10424656,32149000,12.0,50.0,45.0,22324|20728|21367|20793|20683,319.0
2026-03-16 20:57:03,3.6,6.0,32.3,10370316,32149000,12.0,54.0,48.0,22407|22324|20728|20793|20683,271.0
2026-03-16 20:57:07,3.6,5.0,32.2,10351776,32149000,12.0,60.0,48.0,22426|22324|20728|20793|20683,266.0
2026-03-16 20:57:10,3.7,6.0,32.6,10482340,32149000,12.0,64.0,50.0,22444|22324|20728|20793|20683,266.0
2026-03-16 20:57:13,3.7,7.0,33.2,10674396,32149000,12.0,71.0,51.0,22462|22324|20728|20793|20683,260.0
2026-03-16 20:57:16,3.7,3.0,32.1,10326564,32149000,12.0,74.0,48.0,22482|20728|22324|20793|20683,100.0
2026-03-16 20:57:19,3.7,7.0,32.1,10309904,32149000,12.0,69.0,48.0,20728|22324|20793|20683|3625,48.2
2026-03-16 20:57:22,3.7,14.0,31.8,10239128,32149000,12.0,61.0,48.0,20728|22324|20793|20683|3625,48.1
2026-03-16 20:57:25,3.7,16.0,31.7,10184688,32149000,12.0,57.0,47.0,22507|20728|22324|20683|20793,100.0
2026-03-16 20:57:28,3.7,12.0,31.3,10064064,32149000,12.0,52.0,47.0,22544|20728|22324|20683|20793,100.0
2026-03-16 20:57:31,3.7,9.0,31.8,10228192,32149000,12.0,52.0,48.0,22550|20728|22324|20683|20793,100.0
2026-03-16 20:57:34,3.7,17.0,31.8,10229428,32149000,12.0,52.0,47.0,20728|22324|20683|20793|3625,47.6
2026-03-16 20:57:37,3.7,10.0,32.0,10290776,32149000,12.0,52.0,47.0,20728|22324|20683|20793|3625,48.9
2026-03-16 20:57:41,3.7,9.0,32.0,10294812,32149000,12.0,53.0,46.0,20728|22324|20683|20793|3625,48.6
2026-03-16 20:57:44,3.7,11.0,32.4,10416096,32149000,12.0,53.0,47.0,20728|22324|20683|3625|20793,48.6
2026-03-16 20:57:47,3.7,10.0,32.3,10371424,32149000,12.0,51.0,47.0,20728|22324|20683|20793|3625,49.3
2026-03-16 20:57:50,3.7,10.0,32.3,10374580,32149000,12.0,52.0,47.0,20728|22324|20683|20793|3625,49.9
2026-03-16 20:57:53,3.7,7.0,32.1,10332956,32149000,12.0,53.0,46.0,22752|20728|22324|20683|3625,100.0
2026-03-16 20:58:57,3.7,2.0,18.0,5784852,32149000,12.0,47.0,45.0,26692|26744|24702|25010|23766,314.0
2026-03-16 21:01:42,3.8,0.0,19.0,6095552,32149000,12.0,44.0,43.0,31290|31369|28834|30207|27631,318.0
2026-03-16 21:02:42,3.8,0.0,19.0,6122668,32149000,12.0,67.0,47.0,31590|28834|31290|27631|30207,100.0
2026-03-16 21:03:42,3.8,2.0,19.3,6211236,32149000,12.0,71.0,50.0,31590|28834|27631|31290|28768,99.9
2026-03-16 21:04:42,3.8,2.0,24.0,7717180,32149000,12.0,77.0,51.0,33496|31590|31960|33200|28834,100.0
2026-03-16 21:05:42,3.9,2.0,22.6,7268360,32149000,12.0,72.0,50.0,31590|31960|28834|27631|28768,99.9
2026-03-16 21:06:42,3.9,2.0,23.5,7543528,32149000,12.0,71.0,50.0,31590|33554|31960|28834|27631,99.9
2026-03-16 21:07:42,4.0,3.0,24.8,7979324,32149000,12.0,75.0,52.0,31590|33554|31960|28834|27631,99.9
2026-03-16 21:08:42,4.0,1.0,25.3,8137376,32149000,12.0,47.0,45.0,28834|33554|31960|27631|29179,21.1
2026-03-16 21:09:40,4.0,0.0,24.0,7707004,32149000,12.0,45.0,43.0,34695|28834|33554|31960|27631,322.0
2026-03-16 21:10:40,4.0,1.0,22.5,7228864,32149000,12.0,66.0,47.0,34818|28834|31960|34695|27631,99.9
2026-03-16 21:11:40,4.0,0.0,22.0,7086428,32149000,12.0,75.0,50.0,34965|34966|28834|31960|34695,99.9
2026-03-16 21:12:40,4.1,0.0,22.1,7097316,32149000,12.0,71.0,49.0,34966|28834|31960|27631|29179,99.9
2026-03-16 21:13:41,4.1,2.0,23.3,7490384,32149000,12.0,46.0,43.0,28834|31960|29179|27631|28768,21.8
2026-03-16 21:14:41,4.1,0.0,23.1,7426636,32149000,12.0,46.0,43.0,28834|31960|29179|27631|28768,23.8
2026-03-16 21:15:11,4.1,0.0,22.7,7310552,32149000,12.0,44.0,43.0,35302|28834|31960|29179|27631,327.0
2026-03-16 21:16:11,4.1,0.0,22.6,7251904,32149000,12.0,67.0,47.0,35385|28834|35302|31960|29179,99.9
2026-03-16 21:17:11,4.1,0.0,24.9,8001844,32149000,12.0,71.0,49.0,35385|28834|31960|35302|29179,99.9
2026-03-16 21:18:11,4.2,2.0,23.9,7674776,32149000,12.0,73.0,50.0,35385|28834|31960|29179|27631,99.9
2026-03-16 21:19:16,4.2,1.0,23.1,7426464,32149000,12.0,74.0,51.0,35665|35385|28834|29179|31960,349.0
2026-03-16 21:20:17,4.2,0.0,23.0,7400280,32149000,12.0,69.0,48.0,35785|28834|35665|29179|31960,99.9
2026-03-16 21:21:17,4.3,2.0,25.1,8065392,32149000,12.0,76.0,51.0,35785|28834|29179|35665|31960,99.9
2026-03-16 21:21:58,4.3,0.0,23.6,7602616,32149000,12.0,49.0,46.0,35974|28834|29179|27631|31960,321.0
2026-03-16 21:22:58,4.3,1.0,23.8,7650080,32149000,12.0,66.0,46.0,36140|36068|28834|35974|29179,100.0
2026-03-16 21:24:30,4.3,1.0,22.9,7370332,32149000,12.0,45.0,43.0,36479|28834|29179|27631|31960,334.0
2026-03-16 21:25:30,4.3,0.0,22.6,7280204,32149000,12.0,65.0,45.0,36789|28834|36479|29179|27631,99.9
2026-03-16 21:33:59,4.2,2.0,22.6,7261192,32149000,12.0,43.0,42.0,40672|40559|38896|37081|27631,325.0
2026-03-16 21:34:59,4.2,0.0,22.6,7263648,32149000,12.0,67.0,47.0,40997|40559|37081|38896|40672,99.9
2026-03-16 21:35:59,4.2,3.0,22.2,7143340,32149000,12.0,44.0,41.0,41666|37081|38896|40672|27631,100.0
2026-03-16 21:36:59,4.2,13.0,23.2,7443516,32149000,12.0,43.0,41.0,41702|41816|37081|38896|27631,164.0
2026-03-16 21:37:30,4.2,1.0,22.9,7369988,32149000,12.0,44.0,42.0,42220|41853|37081|38896|27631,318.0
2026-03-16 21:38:30,4.2,0.0,22.8,7322380,32149000,12.0,68.0,47.0,42519|41853|37081|42220|38896,99.9
2026-03-16 21:45:42,3.8,0.0,6.4,2067932,32149000,12.0,46.0,44.0,4721|3614|3920|1|1543,259.0
2026-03-16 21:46:42,3.0,0.0,6.3,2031668,32149000,12.0,63.0,44.0,1|4721|3614|1543|3920,22.6
2026-03-16 21:47:42,3.7,3.0,9.3,2997372,32149000,12.0,73.0,50.0,5149|5151|1|5381|5609,99.9
2026-03-16 21:48:42,3.3,1.0,8.9,2850032,32149000,12.0,61.0,46.0,1|5151|4721|5381|3614,30.6
2026-03-16 21:49:42,3.0,3.0,8.8,2837636,32149000,12.0,60.0,45.0,1|5151|4721|5381|3614,31.7
2026-03-16 21:52:48,4.1,1.0,16.1,5182188,32149000,12.0,59.0,46.0,8753|1|6623|7785|6555,371.0
2026-03-16 21:53:48,4.2,1.0,16.7,5379716,32149000,12.0,58.0,45.0,1|6623|8753|8890|7785,34.2
2026-03-16 21:54:48,4.3,4.0,18.9,6062172,32149000,12.0,61.0,47.0,1|6623|8753|6555|7785,34.5
2026-03-16 21:55:48,4.5,2.0,17.0,5477152,32149000,12.0,58.0,46.0,1|6623|6009|5151|6555,34.8
2026-03-16 21:56:53,4.6,1.0,17.3,5569052,32149000,12.0,58.0,47.0,9704|1|6623|6009|6555,376.0
2026-03-16 21:57:53,4.8,1.0,19.7,6332552,32149000,12.0,69.0,50.0,1|6623|6009|9704|5151,35.2
2026-03-16 21:58:53,4.8,0.0,17.6,5672700,32149000,12.0,59.0,44.0,1|6623|6009|9704|5151,35.3
2026-03-16 21:59:53,4.6,3.0,17.7,5696032,32149000,12.0,56.0,43.0,1|6623|6009|5151|9704,35.4
2026-03-16 22:00:53,4.6,1.0,17.5,5640112,32149000,12.0,55.0,43.0,1|6623|6009|5151|3614,35.5
2026-03-16 22:01:53,4.6,1.0,17.8,5706972,32149000,12.0,57.0,44.0,1|6623|6009|5151|3614,35.6
2026-03-16 22:02:12,4.6,0.0,18.0,5772660,32149000,12.0,58.0,46.0,10464|1|6623|6009|5151,389.0
2026-03-16 22:03:12,4.7,4.0,20.3,6540856,32149000,12.0,65.0,48.0,1|6623|10464|5151|3614,35.7
2026-03-16 22:04:12,4.8,0.0,17.7,5693696,32149000,12.0,52.0,44.0,1|6623|10464|5151|6218,35.9
2026-03-16 22:05:12,4.8,3.0,19.2,6172724,32149000,12.0,51.0,43.0,1|6623|5151|6218|10464,36.1
2026-03-16 22:05:39,4.8,1.0,19.9,6402100,32149000,12.0,54.0,45.0,11034|1|6623|5151|3614,353.0
2026-03-16 22:05:59,4.9,4.0,20.5,6597412,32149000,12.0,54.0,45.0,11521|11098|1|11034|6623,93.1
2026-03-16 22:06:19,4.9,0.0,16.5,5319560,32149000,12.0,51.0,43.0,1|6623|11098|11034|3614,36.4
2026-03-16 22:09:35,4.6,1.0,14.6,4679980,32149000,12.0,46.0,43.0,6596|4835|5808|5147|5099,285.0
2026-03-16 22:09:55,4.5,0.0,13.9,4464036,32149000,12.0,47.0,43.0,7114|4835|6596|5808|5147,99.6
2026-03-16 22:10:15,4.3,4.0,16.6,5324084,32149000,12.0,45.0,42.0,8239|7122|4835|7357|6596,100.0
2026-03-16 22:10:35,4.3,2.0,16.6,5343488,32149000,12.0,45.0,41.0,9368|8245|4835|5808|6596,100.0
2026-03-16 22:10:55,4.1,1.0,14.3,4594268,32149000,12.0,44.0,41.0,4835|5808|6596|3499|5147,25.2
2026-03-16 22:11:15,4.0,1.0,14.2,4554092,32149000,12.0,43.0,41.0,9414|4835|5808|6596|3499,100.0
2026-03-16 22:11:35,4.0,2.0,15.8,5073472,32149000,12.0,43.0,41.0,4835|5808|3499|6596|5147,28.5
2026-03-16 22:11:55,4.0,2.0,15.9,5118052,32149000,12.0,46.0,42.0,4835|3499|5808|6596|5147,30.7
2026-03-16 22:12:15,4.0,1.0,15.4,4962676,32149000,12.0,46.0,42.0,4835|3499|5808|4763|5147,33.0
2026-03-16 22:12:36,4.1,2.0,14.6,4704840,32149000,12.0,44.0,42.0,4835|3499|4763|5808|5147,34.6
2026-03-16 22:12:56,4.1,1.0,14.5,4670880,32149000,12.0,44.0,42.0,4835|3499|4763|5808|5147,35.3
2026-03-16 22:13:16,4.1,1.0,16.5,5295660,32149000,12.0,45.0,42.0,9523|4835|9960|9739|3499,61.9
2026-03-16 22:13:36,4.0,7.0,16.6,5327636,32149000,12.0,44.0,42.0,4835|9523|3499|9739|4763,33.4
2026-03-16 22:13:56,3.9,2.0,15.7,5051616,32149000,12.0,44.0,42.0,4835|9523|3499|9739|4763,31.9
2026-03-16 22:14:16,3.9,2.0,16.5,5313832,32149000,12.0,44.0,42.0,4835|9523|3499|4763|10334,30.3
2026-03-16 22:14:36,4.1,3.0,19.6,6316876,32149000,12.0,49.0,44.0,4835|9523|10513|3499|4763,28.9
2026-03-16 22:14:56,4.3,2.0,20.9,6710068,32149000,12.0,54.0,46.0,10513|4835|9523|3499|4763,37.2
2026-03-16 22:15:25,4.3,1.0,16.8,5410764,32149000,12.0,48.0,45.0,10944|10513|4835|9523|3499,333.0
2026-03-16 22:15:45,4.3,5.0,17.0,5449356,32149000,12.0,46.0,44.0,11115|10944|4835|9523|3499,100.0
2026-03-16 22:16:05,4.4,6.0,17.4,5585520,32149000,12.0,46.0,44.0,11124|11923|4835|10944|11339,50.3
2026-03-16 22:16:25,4.5,3.0,19.7,6346176,32149000,12.0,54.0,46.0,11923|11124|4835|10944|3499,83.0
2026-03-16 22:16:45,4.4,0.0,15.7,5048724,32149000,12.0,46.0,43.0,11124|4835|10944|3499|4763,24.7
2026-03-16 22:18:13,4.6,0.0,6.5,2101040,32149004,12.0,47.0,43.0,4637|3524|3843|1|1435,256.0
2026-03-16 22:18:33,4.8,0.0,6.5,2082416,32149004,12.0,53.0,44.0,4915|4637|1|3524|3843,99.8
2026-03-16 22:18:53,4.8,0.0,8.7,2802052,32149004,12.0,51.0,43.0,4958|1|4637|5188|3524,29.8
2026-03-16 22:19:13,5.2,11.0,11.3,3618940,32149004,12.0,52.0,46.0,4958|1|5829|4637|3524,31.5
2026-03-16 22:19:34,5.3,11.0,12.1,3903284,32149004,12.0,51.0,45.0,4958|1|5829|4637|3524,29.8
2026-03-16 22:19:54,5.2,0.0,9.5,3040992,32149004,12.0,54.0,44.0,1|4637|3524|4343|1435,28.9
2026-03-16 22:20:14,4.8,0.0,9.5,3038912,32149004,12.0,52.0,44.0,1|4637|3524|4343|1435,30.3
2026-03-16 22:34:12,3.3,0.0,11.2,3588192,32149000,12.0,43.0,41.0,5887|5376|4554|3477|5010,258.0
2026-03-16 22:34:32,3.4,1.0,11.0,3538980,32149000,12.0,45.0,41.0,5973|6811|5887|6199|6418,47.4
2026-03-16 22:34:52,3.3,0.0,10.6,3400540,32149000,12.0,43.0,41.0,7558|5973|5887|6811|3477,99.6
2026-03-16 22:35:12,3.2,0.0,10.5,3372568,32149000,12.0,46.0,42.0,7570|5887|5973|6811|3477,99.8
2026-03-16 22:35:32,3.2,4.0,10.8,3481292,32149000,12.0,44.0,41.0,5973|6811|5887|3477|6199,13.2
2026-03-16 22:38:39,3.9,1.0,11.1,3581752,32149004,12.0,45.0,43.0,5944|5484|4621|3532|5092,266.0
2026-03-16 22:38:59,3.8,0.0,7.6,2435628,32149004,12.0,48.0,44.0,6273|5944|3532|4353|6274,100.0
2026-03-16 22:39:19,3.7,1.0,9.5,3040688,32149004,12.0,46.0,43.0,6310|5944|6528|3532|6743,60.2
2026-03-16 22:39:39,4.1,4.0,13.2,4240204,32149004,12.0,52.0,46.0,7133|6310|5944|3532|6743,77.0
2026-03-16 22:40:00,3.9,1.0,9.1,2910180,32149004,12.0,46.0,43.0,7784|6310|5944|3532|6743,100.0
2026-03-16 22:41:18,3.8,0.0,7.7,2472644,32149004,12.0,45.0,43.0,10626|3532|10366|350|1,325.0
2026-03-16 22:41:38,3.7,0.0,7.8,2503272,32149004,12.0,49.0,43.0,10626|3532|1|10366|350,37.4
2026-03-16 22:41:58,3.6,0.0,7.8,2502612,32149004,12.0,50.0,42.0,10626|3532|1|10366|350,20.1
2026-03-16 22:42:18,3.6,0.0,7.8,2493448,32149004,12.0,50.0,43.0,10626|3532|1|10366|10976,13.8
2026-03-16 22:47:22,4.4,0.0,11.0,3524332,32149004,12.0,46.0,43.0,5880|5930|5057|4584|3504,263.0
2026-03-16 22:47:42,4.4,0.0,11.1,3566772,32149004,12.0,48.0,44.0,6206|5880|4584|5449|3504,100.0
2026-03-16 22:48:02,4.3,4.0,12.4,3984100,32149004,12.0,45.0,43.0,6320|5880|4584|3504|5449,100.0
2026-03-16 22:48:22,3.9,1.0,7.6,2443372,32149004,12.0,45.0,42.0,5880|3504|4323|1|322,14.7
2026-03-16 22:59:34,2.6,0.0,6.7,2148920,32149000,12.0,44.0,42.0,4663|3513|4397|3844|1,267.0
2026-03-16 23:02:45,4.4,0.0,6.6,2131404,32149000,12.0,48.0,44.0,4592|3488|3760|3196|1,265.0
2026-03-16 23:06:59,3.4,1.0,11.0,3549020,32149000,12.0,51.0,44.0,6409|1|6003|5004|3488,365.0
2026-03-16 23:34:30,3.7,0.0,6.4,2066952,32148996,12.0,39.0,38.0,4603|3493|3783|1|3202,261.0
2026-03-16 23:50:34,1.9,0.0,6.4,2043548,32149000,12.0,43.0,41.0,4699|4748|3524|1|3841,262.0
2026-03-17 19:34:28,1.3,2.0,27.4,8805960,32148996,12.0,52.0,50.0,16012|12576|14195|7814|15770,269.0
2026-03-17 19:34:48,1.3,4.0,26.2,8430008,32148996,12.0,49.0,45.0,16012|7814|14195|13704|15770,32.9
2026-03-17 19:35:08,1.4,7.0,26.9,8639304,32148996,12.0,48.0,45.0,7814|14195|16012|13704|13316,23.7
2026-03-17 19:35:29,1.4,2.0,26.8,8602088,32148996,12.0,60.0,49.0,16522|13316|7814|13704|14195,99.8
2026-03-17 19:35:49,1.5,12.0,26.6,8548504,32148996,12.0,49.0,46.0,13316|7814|13704|14195|13527,35.6
2026-03-17 19:36:09,1.5,7.0,29.1,9367336,32148996,12.0,60.0,50.0,13316|7814|13704|14195|13527,43.3
2026-03-17 19:36:29,1.6,6.0,30.3,9728016,32148996,12.0,80.0,55.0,13316|7814|13704|14195|13373,48.3
2026-03-17 19:36:49,1.7,7.0,27.1,8710676,32148996,12.0,61.0,53.0,16781|13316|7814|13704|13373,100.0
2026-03-17 19:37:09,1.7,3.0,27.2,8751900,32148996,12.0,55.0,48.0,7814|13704|13373|13527|14195,25.2
2026-03-17 19:37:29,1.7,7.0,32.3,10369452,32148996,12.0,54.0,53.0,17713|17092|17406|17405|17343,462.0
2026-03-17 19:37:49,1.8,4.0,35.7,11461364,32148996,12.0,58.0,50.0,17092|18108|17405|7814|17359,60.7
2026-03-17 19:38:09,1.8,9.0,34.4,11057696,32148996,12.0,54.0,48.0,17092|18108|7814|17405|13704,50.7
2026-03-17 19:38:29,1.8,4.0,33.6,10788820,32148996,12.0,50.0,46.0,17092|7814|18108|13704|13380,40.2
2026-03-17 19:38:49,1.8,3.0,27.2,8734416,32148996,12.0,49.0,45.0,7814|13380|13704|13527|14195,25.0
2026-03-17 19:39:09,1.9,11.0,28.1,9044212,32148996,12.0,49.0,47.0,7814|13380|13704|18961|13527,25.5
2026-03-17 19:39:30,1.9,12.0,27.9,8965364,32148996,12.0,54.0,48.0,7814|13380|19230|13704|13527,26.0
2026-03-17 19:39:50,2.0,11.0,27.9,8966148,32148996,12.0,49.0,46.0,13380|7814|19230|13704|13527,30.1
2026-03-17 19:40:10,2.1,9.0,29.9,9596760,32148996,12.0,51.0,53.0,19506|13380|7814|19230|13704,64.6
2026-03-17 19:40:30,2.4,6.0,31.3,10077808,32148996,12.0,93.0,64.0,19506|13380|7814|13704|19230,411.0
2026-03-17 19:40:51,2.4,15.0,28.7,9225276,32148996,12.0,55.0,54.0,13380|7814|19707|13704|19230,53.5
2026-03-17 19:41:11,2.8,5.0,33.2,10671544,32148996,12.0,92.0,62.0,19707|13380|7814|13704|13527,453.0
2026-03-17 19:58:26,2.9,2.0,31.3,10059864,32148996,12.0,43.0,41.0,2|1|4,60.0
2026-03-17 20:01:37,2.9,2.0,33.2,10680996,32148996,12.0,50.0,45.0,3|1|2|43,231.0
2026-03-17 20:02:18,3.0,3.0,33.1,10657344,32148996,12.0,47.0,46.0,3|1|2|52,323.0
2026-03-17 20:02:38,3.0,2.0,32.9,10575656,32148996,12.0,46.0,43.0,3|1|2|58,37.6
2026-03-17 20:02:58,3.0,2.0,32.8,10533696,32148996,12.0,45.0,43.0,3|1|2|64,20.2
2026-03-17 20:03:02,3.0,4.0,34.0,10943860,32148996,12.0,46.0,45.0,28721|28537|27088|24974|14195,322.0
2026-03-17 20:03:22,3.0,0.0,32.8,10536088,32148996,12.0,65.0,47.0,28777|28721|27088|24974|14195,99.9
2026-03-17 20:04:57,3.1,2.0,35.0,11236656,32148996,12.0,69.0,58.0,29420|27301|27088|24974|14195,266.0
2026-03-17 20:05:17,3.3,2.0,36.9,11872636,32148996,12.0,92.0,65.0,27301|29420|27088|24974|4983,80.3
2026-03-17 20:05:37,3.6,3.0,37.0,11879584,32148996,12.0,82.0,64.0,27301|29589|29420|27088|24974,130.0
2026-03-17 20:05:57,3.6,2.0,32.9,10582640,32148996,12.0,59.0,54.0,27088|29420|24974|4983|14195,16.1
2026-03-17 20:06:17,3.6,3.0,32.9,10578036,32148996,12.0,54.0,50.0,29667|27088|29420|24974|4983,100.0
2026-03-17 20:06:38,3.6,1.0,32.9,10576240,32148996,12.0,52.0,48.0,27088|29420|24974|4983|14195,16.3
2026-03-17 20:06:58,3.6,1.0,33.2,10678628,32148996,12.0,57.0,48.0,27088|29420|24974|4983|14195,16.7
2026-03-17 20:07:18,3.6,0.0,33.2,10670624,32148996,12.0,50.0,46.0,27088|29420|24974|4983|14195,16.3
2026-03-17 20:16:32,1.0,2.0,33.6,10808428,32148996,12.0,56.0,48.0,25309|24846|24905|31264,11.0
2026-03-17 20:16:53,5.5,0.0,33.4,10733908,32148996,12.0,66.0,49.0,31347|31264|4983|29331,101.8
2026-03-17 20:17:15,6.5,5.0,34.1,10961908,32148996,12.0,52.0,47.0,22503|4983|29229|25309|31348,24.9
2026-03-17 20:17:36,97.0,3.0,37.9,12193080,32148996,12.0,84.0,60.0,29324|25309|4983|22503|26978,1777.8
2026-03-17 20:17:57,2.0,3.0,26.5,8507528,32148996,12.0,60.0,52.0,27088|14127|4983|31264|31348,16.6
2026-03-17 20:18:18,1.7,1.0,25.9,8334024,32148996,12.0,51.0,47.0,27088|31495,2.7
2026-03-17 20:18:39,9.0,5.0,26.2,8426584,32148996,12.0,50.0,46.0,27088|14127|26978|4983|14195,123.4
2026-03-17 20:19:00,0.2,2.0,26.0,8356288,32148996,12.0,51.0,44.0,24556|4983|22503|27088|31264,11.0
2026-03-17 20:19:21,1.7,1.0,25.9,8320044,32148996,12.0,46.0,43.0,27088|31264|4983|5124|14127,13.7
2026-03-17 20:19:42,2.2,2.0,26.0,8348076,32148996,12.0,46.0,43.0,27088|14127|31264|4983,16.5
2026-03-17 20:20:03,3.5,5.0,26.0,8350036,32148996,12.0,48.0,44.0,14127|26978|27088|4983|31264,16.6
2026-03-17 20:20:24,10.5,12.0,26.2,8425212,32148996,12.0,51.0,46.0,27088|14127|14195|15133|4983,121.2
2026-03-17 20:20:45,6.8,6.0,26.3,8453296,32148996,12.0,50.0,45.0,27088|14127|14195|4983|15649,105.1
2026-03-17 20:21:06,12.7,7.0,26.3,8456828,32148996,12.0,55.0,47.0,27088|14127|15133|26978|4983,77.1
2026-03-17 20:22:16,1.0,1.0,23.3,7493128,32148996,12.0,51.0,46.0,33913|32715|33526,5.5
2026-03-17 20:22:37,0.7,0.0,23.2,7448364,32148996,12.0,47.0,43.0,4983|12705|33913|24556|31488,5.5
2026-03-17 20:22:58,5.0,0.0,23.0,7388444,32148996,12.0,75.0,48.0,34004|4983|22922|33913,99.3
2026-03-17 20:23:19,1.7,1.0,22.5,7236468,32148996,12.0,48.0,45.0,4983|33913|5124|5435|24556,5.5
2026-03-17 20:23:40,6.0,4.0,22.7,7308168,32148996,12.0,47.0,44.0,12705|4983|33913|22690|32270,46.6
2026-03-17 20:24:01,25.5,0.0,22.8,7313924,32148996,12.0,81.0,54.0,34156|34157|34159|34155|34158,101.9
2026-03-17 20:24:22,20.2,0.0,22.7,7307632,32148996,12.0,100.0,58.0,34157|34158|34156|34159|33913,101.8
2026-03-17 20:24:43,15.4,0.0,22.8,7333660,32148996,12.0,98.0,60.0,34156|34158|34159|33913,101.9
2026-03-17 20:25:04,12.9,0.0,22.7,7312872,32148996,12.0,83.0,56.0,34156|34159|33526|33913,99.8
2026-03-17 20:25:26,5.8,1.0,23.1,7413428,32148996,12.0,78.0,53.0,34159|32325|32666|12705|32392,101.8
2026-03-17 20:25:47,8.5,5.0,23.2,7464840,32148996,12.0,59.0,50.0,32666|32325|4983|32988|33913,71.5
2026-03-17 20:26:54,0.5,1.0,23.2,7455936,32148996,12.0,50.0,45.0,12705|24556|31488|34542|34661,2.8
2026-03-17 20:27:15,6.2,0.0,23.2,7448760,32148996,12.0,58.0,46.0,36234|36181|4983,99.0
2026-03-17 20:27:36,25.6,1.0,23.2,7448736,32148996,12.0,55.0,49.0,36275|36277|36276|36278|36279,101.8
2026-03-17 20:27:57,20.2,0.0,22.6,7271744,32148996,12.0,98.0,56.0,36276|36277|36278|36275|36181,101.8
2026-03-17 20:28:18,15.6,0.0,22.6,7258320,32148996,12.0,97.0,56.0,36275|36278|36277|36181|22503,100.1
2026-03-17 20:28:39,11.4,1.0,22.6,7274456,32148996,12.0,80.0,55.0,36277|36278|36181,100.1
2026-03-17 20:29:00,95.0,2.0,24.7,7943236,32148996,12.0,80.0,58.0,31495|36278|22503|23468|4983,1642.6
2026-03-17 20:29:22,97.0,0.0,24.7,7944492,32148996,12.0,84.0,62.0,31495|22503|4983|36181,1775.7
2026-03-17 20:29:43,96.1,1.0,25.2,8091864,32148996,12.0,81.0,62.0,31495|22503|4983|36181|34906,1783.0
2026-03-17 20:30:04,96.7,1.0,25.5,8210804,32148996,12.0,81.0,62.0,31495|34938|36181,1873.0
2026-03-17 20:30:25,1.0,3.0,21.8,7009960,32148996,12.0,67.0,55.0,4983|22503|36181,8.2
2026-03-17 20:30:46,0.0,1.0,21.9,7029204,32148996,12.0,55.0,50.0,36181,2.7
2026-03-17 20:31:07,0.7,1.0,21.8,7022564,32148996,12.0,51.0,47.0,34938|4983|5124|5435|22922,5.5
2026-03-17 20:31:28,4.7,4.0,22.2,7135420,32148996,12.0,52.0,47.0,34938|34596|4983|34542|34661,13.7
2026-03-17 20:31:51,0.5,1.0,22.3,7184112,32148996,12.0,52.0,47.0,36997,2.8
2026-03-17 20:32:12,5.0,0.0,22.2,7137664,32148996,12.0,66.0,48.0,37049,99.2
2026-03-17 20:32:34,1.8,1.0,22.2,7137040,32148996,12.0,48.0,45.0,34938|34661|4983|34596|34542,27.4
2026-03-17 20:32:55,95.3,2.0,24.3,7799948,32148996,12.0,60.0,53.0,36504|22503|4983|35261|36997,1741.4
2026-03-17 20:33:07,0.8,1.0,22.4,7208948,32148996,12.0,60.0,49.0,22503|4983|37341|37273,13.8
2026-03-17 20:33:28,95.6,0.0,24.7,7950200,32148996,12.0,65.0,55.0,37189|37273|37341,1823.1
2026-03-17 20:33:50,0.2,0.0,22.2,7144424,32148996,12.0,52.0,47.0,37341,2.7
2026-03-17 20:34:11,3.0,6.0,20.5,6602032,32148996,12.0,48.0,46.0,4983|12705|37341|34596|34661,11.0
2026-03-17 20:35:11,0.2,1.0,13.7,4403504,32148996,12.0,48.0,45.0,38065,2.8
2026-03-17 20:35:32,1.5,1.0,13.8,4427492,32148996,12.0,46.0,43.0,4983|37784|5257|38065,8.2
2026-03-17 20:35:53,0.2,1.0,13.3,4277576,32148996,12.0,45.0,42.0,4705|37784|38065,2.7
2026-03-17 20:36:14,5.2,0.0,13.3,4264744,32148996,12.0,55.0,45.0,38354|38065,99.3
2026-03-17 20:36:35,5.0,0.0,13.3,4274976,32148996,12.0,61.0,45.0,38389|4983|38065,103.0
2026-03-18 08:04:01,0.2,1.0,6.5,2089868,32149000,12.0,36.0,35.0,4625,5.4
2026-03-18 08:04:22,5.8,0.0,6.6,2110644,32149000,12.0,39.0,35.0,4977|3460|4625,99.5
2026-03-18 08:04:43,5.5,0.0,6.4,2041636,32149000,12.0,44.0,37.0,4984|3460|4625,97.8
2026-03-18 08:05:04,1.2,0.0,6.3,2039528,32149000,12.0,37.0,35.0,3460|4625,2.7
2026-03-18 08:05:26,4.0,4.0,8.9,2871284,32149000,12.0,38.0,36.0,5027|3460|5259|4625,16.4
2026-03-18 08:05:47,0.2,3.0,8.7,2811024,32149000,12.0,37.0,35.0,4625|5027|3460|5259,5.4
2026-03-18 08:06:08,0.0,0.0,8.9,2869288,32149000,12.0,37.0,35.0,4625,2.7
2026-03-18 08:06:29,0.8,3.0,10.2,3280840,32149000,12.0,37.0,36.0,5027|5875|6448|6052|3460,54.9
2026-03-18 08:06:50,0.0,1.0,10.1,3250380,32149000,12.0,37.0,35.0,3460|5027|4625|3923,8.1
2026-03-18 08:07:11,3.0,8.0,10.1,3241508,32149000,12.0,37.0,36.0,5027|6052|3460|4625|5875,16.1
2026-03-18 08:07:32,96.1,0.0,13.0,4191224,32149000,12.0,52.0,46.0,5875|4625|6052,1875.1
2026-03-18 09:16:10,0.5,1.0,14.7,4715452,32149000,12.0,40.0,38.0,4957|5983|6370,5.4
2026-03-18 09:16:31,2.5,1.0,14.7,4713096,32149000,12.0,39.0,36.0,3407|6370|4701,21.8
2026-03-18 09:16:52,0.7,3.0,16.6,5337416,32149000,12.0,39.0,36.0,3407|6458|6370|6920,38.1
2026-03-18 09:17:13,0.5,3.0,16.8,5395788,32149000,12.0,39.0,36.0,3407|6370|3896|4581,8.1
2026-03-18 09:17:34,93.1,5.0,18.7,6022116,32149000,12.0,39.0,41.0,7320|7506|6458|3407|6370,1694.3
2026-03-18 09:22:09,0.0,1.0,15.4,4950176,32149000,12.0,37.0,36.0,4701|5242|5983|8739,2.7
2026-03-18 09:22:30,0.5,0.0,15.4,4957872,32149000,12.0,37.0,35.0,8739|3407,5.5
2026-03-18 09:22:51,0.0,0.0,15.4,4942168,32149000,12.0,37.0,35.0,8739,2.7
2026-03-18 09:23:12,0.0,1.0,15.4,4938592,32149000,12.0,37.0,34.0,8739,2.7
2026-03-18 09:23:33,0.0,1.0,15.4,4940668,32149000,12.0,37.0,34.0,8739,5.4
2026-03-18 09:23:54,0.0,1.0,15.4,4939892,32149000,12.0,37.0,34.0,8739|4633|5242,5.4
2026-03-18 09:24:15,0.0,1.0,15.4,4935744,32149000,12.0,36.0,34.0,8739,5.4
2026-03-18 09:24:36,0.0,1.0,15.4,4937256,32149000,12.0,36.0,34.0,8739,5.4
2026-03-18 09:24:57,0.2,0.0,15.4,4937072,32149000,12.0,36.0,34.0,8739,2.7
2026-03-18 09:25:18,0.2,1.0,15.4,4945616,32149000,12.0,36.0,34.0,8739,2.7
2026-03-18 09:25:39,0.0,0.0,15.4,4944112,32149000,12.0,36.0,34.0,8739,5.4
2026-03-18 09:26:00,0.0,1.0,15.4,4945132,32149000,12.0,36.0,34.0,8739,5.4
2026-03-18 09:26:21,0.0,1.0,15.4,4944088,32149000,12.0,36.0,34.0,8739,2.7
2026-03-18 09:26:42,0.5,1.0,15.4,4934964,32149000,12.0,36.0,34.0,8739|5242,5.4
2026-03-18 09:27:03,0.0,1.0,15.3,4933004,32149000,12.0,36.0,33.0,8739,2.7
2026-03-18 09:27:24,0.0,1.0,15.3,4929880,32149000,12.0,36.0,33.0,8739,5.4
2026-03-18 09:27:45,0.5,1.0,15.3,4931384,32149000,12.0,36.0,33.0,8739,5.4
2026-03-18 09:28:06,0.2,1.0,15.4,4936048,32149000,12.0,36.0,34.0,8739,5.4
2026-03-18 09:28:27,0.5,1.0,15.4,4939780,32149000,12.0,36.0,34.0,8739,5.4
2026-03-18 09:28:48,0.2,1.0,15.4,4935256,32149000,12.0,36.0,33.0,8739|4958,5.4
2026-03-18 09:29:09,0.2,1.0,15.3,4932612,32149000,12.0,36.0,33.0,8739,5.4
2026-03-18 09:29:30,0.2,1.0,15.3,4930288,32149000,12.0,36.0,33.0,8739,5.4
2026-03-18 09:29:51,0.5,0.0,15.3,4934292,32149000,12.0,36.0,33.0,4944|8739|4957|5242,5.4
2026-03-18 09:30:12,0.2,0.0,15.4,4939584,32149000,12.0,36.0,33.0,8739,2.7
2026-03-18 09:30:33,0.0,1.0,15.4,4940684,32149000,12.0,36.0,33.0,8739|4581,5.4
2026-03-18 09:30:54,0.0,1.0,15.4,4942032,32149000,12.0,36.0,33.0,8739,5.4
2026-03-18 09:31:15,0.0,1.0,15.4,4941000,32149000,12.0,36.0,33.0,8739,5.4
2026-03-18 09:31:36,0.2,1.0,15.4,4937032,32149000,12.0,36.0,33.0,8739,2.7
2026-03-18 09:31:57,0.2,1.0,15.4,4942276,32149000,12.0,36.0,34.0,8739,5.4
2026-03-18 09:32:18,0.2,1.0,15.4,4944092,32149000,12.0,36.0,33.0,8739,5.4
2026-03-18 09:32:39,0.2,1.0,15.4,4943708,32149000,12.0,35.0,33.0,4581|5242,2.7
2026-03-18 09:33:00,0.0,1.0,15.4,4947864,32149000,12.0,35.0,33.0,8739,2.7
2026-03-18 09:33:21,0.0,2.0,15.4,4951028,32149000,12.0,36.0,33.0,3407|8739|3591|3896,5.4
2026-03-18 09:46:10,0.2,1.0,12.4,3981492,32148992,12.0,41.0,39.0,6454|4537|5300|6032,8.1
2026-03-18 09:46:32,0.0,2.0,12.4,3996392,32148992,12.0,40.0,38.0,3504|3664|4479|5597|6108,2.7
2026-03-18 09:46:53,5.2,0.0,12.4,3970992,32148992,12.0,57.0,41.0,6769|6454,97.3
2026-03-18 09:47:14,5.0,0.0,12.4,3972672,32148992,12.0,60.0,43.0,6804|6454,97.3
2026-03-18 09:47:35,5.3,0.0,12.1,3880216,32148992,12.0,49.0,42.0,6839|6454|6108,97.3
2026-03-18 09:47:56,3.5,4.0,14.4,4635764,32148992,12.0,44.0,41.0,6875|7105|3504|6454|6840,88.7
2026-03-18 09:48:18,6.2,1.0,13.9,4479364,32148992,12.0,59.0,44.0,6875|3504|6454|6840,107.2
2026-03-18 09:48:38,0.2,1.0,12.3,3968572,32148992,12.0,44.0,41.0,6454|6840,2.7
2026-03-18 09:48:59,8.3,7.0,14.5,4669300,32148992,12.0,56.0,45.0,8074|9054|3504|8332|8540,149.1
2026-03-18 09:49:20,96.4,2.0,16.4,5276640,32148992,12.0,59.0,51.0,10232|6454|6108|9285,1787.1
2026-03-18 09:49:41,0.0,0.0,14.1,4536772,32148992,12.0,49.0,44.0,6454|3504|6840,5.4
2026-03-18 11:51:35,2.0,1.0,11.1,3581236,32149000,12.0,38.0,37.0,3450|4266|4606|6328|4673,8.3
2026-03-18 11:51:56,1.0,0.0,13.9,4471700,32149000,12.0,39.0,37.0,3450|4917|6328,8.2
2026-03-18 11:52:17,0.0,0.0,13.7,4405636,32149000,12.0,39.0,36.0,6328|3450|3615,5.4
2026-03-18 11:52:38,0.2,1.0,13.7,4394876,32149000,12.0,38.0,36.0,6328,5.4
2026-03-18 11:52:59,0.0,1.0,13.6,4367220,32149000,12.0,38.0,35.0,6328,8.1
2026-03-18 11:53:20,0.0,1.0,13.6,4367280,32149000,12.0,38.0,35.0,6328|4554|4931,5.4
2026-03-18 11:53:41,0.0,0.0,13.6,4369884,32149000,12.0,37.0,35.0,3450|6328,2.7
2026-03-21 20:03:38,0.2,3.0,17.8,5716960,32148992,12.0,39.0,38.0,4754,2.7
2026-03-21 20:03:59,1.0,8.0,18.2,5836532,32148992,12.0,40.0,38.0,3555|9302,5.4
2026-03-21 20:04:20,0.0,4.0,18.3,5894784,32148992,12.0,40.0,38.0,3555|9302,8.1
2026-03-21 20:04:41,5.0,2.0,18.2,5839240,32148992,12.0,57.0,41.0,9652|3555|9302,100.5
2026-03-21 20:05:03,2.5,10.0,18.2,5866168,32148992,12.0,42.0,40.0,3555|9302|9045,10.9
2026-03-21 20:05:24,15.0,14.0,20.9,6731380,32148992,12.0,44.0,41.0,9783|10988|3555|10633|9302,73.4
2026-03-21 20:05:45,0.5,8.0,20.7,6653044,32148992,12.0,42.0,40.0,,0.0
2026-03-21 20:06:06,0.7,3.0,20.5,6601524,32148992,12.0,42.0,38.0,9302|4999,5.4
2026-03-21 20:06:27,1.0,7.0,18.3,5882652,32148992,12.0,41.0,38.0,3555|9302|10026|9045|9783,5.5
2026-03-21 20:09:11,6.5,5.0,17.2,5521564,32148992,12.0,40.0,39.0,12018|3555|11742|11970|4279,87.5
2026-03-21 20:09:32,1.5,3.0,18.7,5997600,32148992,12.0,42.0,38.0,3555|12354|12606|11970,24.1
2026-03-21 20:09:53,93.1,5.0,21.3,6835368,32148992,12.0,55.0,48.0,13353|3555|12354|11970|12606,1875.5
2026-03-21 20:10:14,1.0,7.0,18.4,5906944,32148992,12.0,45.0,43.0,3555|11970,13.4
2026-03-21 20:10:35,6.0,7.0,21.2,6813932,32148992,12.0,53.0,44.0,13753|13965|3555|13848|4012,54.1
2026-03-21 20:10:56,0.2,6.0,21.0,6737468,32148992,12.0,45.0,42.0,11970|13753|3555|11742|12354,5.4
2026-03-21 20:16:39,0.5,2.0,23.3,7503284,32148992,12.0,43.0,41.0,13753|6583|14730,5.4
2026-03-21 20:17:00,1.0,14.0,24.1,7744272,32148992,12.0,44.0,41.0,4754|3555|14730,89.0
2026-03-21 20:17:21,3.0,11.0,24.3,7825704,32148992,12.0,42.0,40.0,14730|3555|4754,5.4
2026-03-21 20:17:42,1.0,5.0,23.9,7667728,32148992,12.0,42.0,40.0,14730|4633|5831|13625|13881,5.5
2026-03-21 20:19:37,1.5,5.0,25.2,8087076,32148992,12.0,42.0,41.0,3555|4687|15227|6583|12354,5.5
2026-03-21 20:19:58,0.5,4.0,24.9,8014448,32148992,12.0,42.0,40.0,15227,2.7
2026-03-21 20:20:19,0.2,8.0,23.4,7516032,32148992,12.0,43.0,40.0,3555|15227|12606,8.1
2026-03-21 20:20:40,0.0,6.0,23.5,7544836,32148992,12.0,42.0,40.0,15227|3555,5.4
2026-03-21 20:21:01,0.0,2.0,23.4,7526824,32148992,12.0,42.0,39.0,4687|15227|13501,5.4
2026-03-21 20:21:22,0.0,2.0,23.4,7518860,32148992,12.0,41.0,38.0,15227|4687|13625,8.1
2026-03-21 20:21:43,0.2,2.0,23.4,7519684,32148992,12.0,41.0,38.0,15227,2.7
2026-03-21 20:22:04,0.2,2.0,23.4,7520152,32148992,12.0,40.0,38.0,13625|13632|15227,2.7
2026-03-21 20:22:25,0.2,2.0,23.4,7517072,32148992,12.0,40.0,38.0,4687|12606|15227,2.7
2026-03-21 20:22:46,0.2,2.0,23.4,7512192,32148992,12.0,40.0,37.0,15227,5.4
2026-03-21 20:23:07,0.0,2.0,23.4,7507932,32148992,12.0,40.0,37.0,15227,2.7
2026-03-21 20:23:28,0.3,5.0,23.4,7510320,32148992,12.0,40.0,38.0,15227|4633,5.5
2026-03-21 20:23:49,9.5,4.0,25.2,8107868,32148992,12.0,41.0,40.0,15685|15563|15597|15469|3555,195.1
2026-03-21 20:24:44,1.0,7.0,25.3,8137212,32148992,12.0,42.0,41.0,5809|16056,2.8
2026-03-21 20:25:05,30.2,0.0,24.7,7928416,32148992,12.0,100.0,56.0,15972|16356|16359|16361|16357,135.1
2026-03-21 20:25:26,24.8,0.0,24.7,7926992,32148992,12.0,100.0,62.0,16359|16357|16358|16360|16361,102.0
2026-03-21 20:25:48,20.0,0.0,24.5,7887600,32148992,12.0,100.0,64.0,16358|16359|16360|16361|16056,102.9
2026-03-21 20:26:09,30.1,1.0,24.5,7875408,32148992,12.0,100.0,63.0,16359|16475|16478|16358|16361,101.9
2026-03-21 20:26:30,25.4,0.0,24.5,7878356,32148992,12.0,100.0,62.0,16476|16358|16359|16361|16478,102.0
2026-03-21 20:26:51,20.9,5.0,24.7,7935540,32148992,12.0,100.0,61.0,16359|16361|16476|16478|3555,100.1
2026-03-21 20:27:12,17.7,4.0,24.8,7984768,32148992,12.0,100.0,60.0,16361|16476|16359|15972|3283,98.5
2026-03-21 20:27:34,10.9,1.0,24.8,7967608,32148992,12.0,84.0,56.0,16361|16476|3555|4633|11742,102.7
2026-03-21 20:27:55,0.7,4.0,24.7,7939252,32148992,12.0,73.0,50.0,11742|3555|15766|16056|16125,5.4
2026-03-21 20:28:16,95.1,3.0,26.7,8590624,32148992,12.0,56.0,52.0,13501|11742|3555|13625|5809,1809.9
2026-03-21 20:28:37,0.2,8.0,25.2,8087468,32148992,12.0,49.0,45.0,15972|3555|16056|15766|15859,13.4
2026-03-21 20:28:58,0.0,3.0,24.9,8009588,32148992,12.0,47.0,43.0,16056|3555|4633|15972|16937,5.4
2026-03-21 20:29:19,0.0,3.0,24.8,7967696,32148992,12.0,45.0,41.0,15972|16056,2.7
2026-03-21 20:29:40,0.5,3.0,24.8,7982760,32148992,12.0,43.0,40.0,16056|4999,5.4
2026-03-21 20:30:01,0.0,3.0,25.0,8025308,32148992,12.0,42.0,40.0,4687|16056|4999|14427,5.4
2026-03-21 20:30:22,0.2,2.0,24.8,7963464,32148992,12.0,42.0,40.0,3555|4687|12354|12819|16056,2.7
2026-03-21 20:30:43,0.0,4.0,24.8,7959300,32148992,12.0,42.0,39.0,16056|3555|15766|15972,5.4
2026-03-21 20:31:04,0.0,3.0,24.8,7964276,32148992,12.0,42.0,39.0,16056|3555|4687,5.4
2026-03-21 20:31:25,0.0,3.0,24.8,7957116,32148992,12.0,41.0,39.0,16056|15859|15972,5.4
2026-03-21 20:31:46,0.7,3.0,24.8,7959480,32148992,12.0,41.0,39.0,16056|5809|16877,5.4
2026-03-21 20:32:07,0.5,3.0,24.8,7959280,32148992,12.0,41.0,39.0,16056,5.4
2026-03-21 20:32:28,0.2,3.0,24.8,7964628,32148992,12.0,41.0,39.0,16056|4633|4687,5.4
2026-03-21 20:32:50,0.0,3.0,19.1,6129768,32148992,12.0,41.0,38.0,16056,2.7
2026-03-21 20:33:11,0.0,1.0,19.2,6176592,32148992,12.0,41.0,38.0,16056|3283,5.4
2026-03-21 20:33:32,0.7,0.0,19.0,6114668,32148992,12.0,41.0,38.0,16056,5.4
2026-03-21 20:33:53,0.0,1.0,18.8,6051680,32148992,12.0,46.0,38.0,16056|12354,5.4
2026-03-21 20:34:14,0.0,0.0,18.7,6009896,32148992,12.0,43.0,38.0,16056,2.7
2026-03-21 20:34:35,0.2,0.0,18.7,6006524,32148992,12.0,41.0,38.0,16056,2.7
2026-03-21 20:34:56,0.2,0.0,18.7,6004636,32148992,12.0,41.0,38.0,16056|4999,5.4
2026-03-21 20:35:17,0.5,1.0,18.9,6087916,32148992,12.0,40.0,38.0,15766|16056,2.7
2026-03-21 20:35:38,0.0,0.0,18.9,6062116,32148992,12.0,40.0,38.0,16056|3555,5.4
2026-03-21 20:35:59,0.0,0.0,18.7,6026820,32148992,12.0,40.0,37.0,16056,5.4
2026-03-21 20:36:20,5.0,0.0,19.0,6099624,32148992,12.0,40.0,38.0,3555|15972|15766|16056|3301,13.6
2026-03-21 20:36:41,0.2,0.0,18.9,6070932,32148992,12.0,39.0,37.0,16056|12354|15766,8.1
2026-03-21 20:37:02,0.5,0.0,18.7,6026124,32148992,12.0,39.0,37.0,16056,5.4
2026-03-21 20:37:23,0.2,0.0,18.9,6077640,32148992,12.0,39.0,37.0,16056,2.7
2026-03-21 20:37:44,0.0,0.0,18.8,6030540,32148992,12.0,39.0,37.0,16056,8.1
2026-03-21 20:38:05,0.0,0.0,18.7,6024336,32148992,12.0,39.0,37.0,12354|16056,2.7
2026-03-21 20:38:26,0.5,0.0,18.7,6021304,32148992,12.0,39.0,37.0,16056|4633,5.4
2026-03-21 20:38:47,0.0,0.0,18.7,6021640,32148992,12.0,39.0,36.0,16056,5.4
2026-03-21 20:39:08,0.0,0.0,18.7,6022632,32148992,12.0,39.0,36.0,16056,5.4
2026-03-21 20:39:29,0.5,0.0,18.7,6020480,32148992,12.0,39.0,36.0,16056,8.1
2026-03-21 20:39:50,0.0,0.0,18.7,6018760,32148992,12.0,39.0,36.0,16056,5.4
2026-03-21 20:40:11,0.0,0.0,18.7,6021064,32148992,12.0,38.0,36.0,16056,5.4
2026-03-21 20:40:32,0.0,0.0,18.7,6023608,32148992,12.0,38.0,36.0,16056|15892|15972,5.4
2026-03-21 20:40:53,0.2,0.0,18.7,6025296,32148992,12.0,38.0,36.0,16056,5.4
2026-03-21 20:41:14,0.2,0.0,18.7,6013876,32148992,12.0,38.0,36.0,16056|16816,8.1
2026-03-21 20:41:35,0.2,0.0,18.7,6015696,32148992,12.0,38.0,36.0,16056,5.4
2026-03-21 20:41:56,0.0,0.0,18.7,6011716,32148992,12.0,38.0,36.0,3555|3755|4999|16056,8.2
2026-03-21 20:42:17,0.0,0.0,18.7,6012396,32148992,12.0,38.0,36.0,16056,5.4
2026-03-21 20:42:38,0.0,0.0,18.9,6068184,32148992,12.0,38.0,36.0,16056,8.1
2026-03-21 20:42:59,0.0,0.0,18.8,6054104,32148992,12.0,38.0,36.0,16056,5.4
2026-03-21 20:43:21,0.0,0.0,18.7,6006044,32148992,12.0,38.0,36.0,16056|16816,2.7
2026-03-21 20:47:32,9.3,1.0,19.6,6290552,32148992,12.0,32.0,35.0,3555|15766|3301|16056|3713,105.0
